在计算机辅助设计与制造的2.5轴减材制造约束下的基于边界的生成式设计,K.D.D.威利斯,2021,2021年,,,
双光球交互笔的刚体位姿确定方法,洪智慧,2021,2021年,,,
一种基于人体工学的一体式可站立计算机桌椅装置,周昕,2021,2021年,,,
模板确定方法,张翔,2021,2021年,,,
信息处理方法,朱金星,2021,2021年,,,
一种内部部件可滑动安装的计算机机箱,崔泽旭,2021,2021年,,,
计算机主板固定装置,黄煜坤,2021,2021年,,,
Web挖掘研究,韩家炜,2515,2001年,,,
大学英语课程教学要求(试行),教育部高等教育司“大学英语教学基本要求”项目组,11,2004年,,,
大数据安全与隐私保护,冯登国,786,2014年,,,
"基于RoughSet理论的""数据浓缩""",王珏,1208,1998年,,,
MVC模式研究的综述,任中方,1681,2004年,,,
核聚类算法,张莉,1188,2002年,,,
织女星网格的体系结构研究,徐志伟,1215,2002年,,,
Deep Web数据集成研究综述,刘伟,940,2007年,,,
一种基于非均匀分簇的无线传感器网络路由协议,李成法,861,2007年,,,
向量空间法中单词权重函数的分析和构造,陆玉昌,980,2002年,,,
自动特征识别技术综述,高曙明,1050,1998年,,,
WfMS:工作流管理系统,史美林,1094,1999年,,,
数字图像变换及信息隐藏与伪装技术,丁玮,979,1998年,,,
基于模拟退火的粒子群优化算法,高鹰,1116,2004年,,,
基于向量空间模型的文本自动分类系统的研究与实现,庞剑锋,1692,2001年,,,
基于图形处理器(GPU)的通用计算,吴恩华,1371,2004年,,,
肤色检测技术综述,陈锻生,766,2006年,,,
供应链物流能力的研究现状及发展趋势,马士华,855,2005年,,,
数字版权保护技术研究综述,俞银燕,955,2005年,,,
遗传算法研究综述,吉根林,1740,2004年,,,
基于Web Service的一种分布式体系结构,程炜,1094,2002年,,,
人机交互的进展及面临的挑战,董士海,1188,2004年,,,
基于GIS的城市道路网最短路径算法探讨,严寒冰,931,2000年,,,
适应用户兴趣变化的协同过滤推荐算法,邢春晓,882,2007年,,,
统一建模语言UML述评,邵维忠,885,1999年,,,
云计算研究进展综述,张建勋,1307,2010年,,,
基于支持向量机与无监督聚类相结合的中文网页分类器,李晓黎,870,2001年,,,
混沌粒子群优化算法,高鹰,765,2004年,,,
Web文本挖掘技术研究,王继成,928,2000年,,,
虚拟植物生长的双尺度自动机模型,赵星,762,2001年,,,
隶属云和隶属云发生器,李德毅,1707,1995年,,,
基于粒子群算法求解多目标优化问题,张利彪,857,2004年,,,
生产调度理论和方法研究综述,徐俊刚,1101,2004年,,,
再论云制造,李伯虎,829,2011年,,,
基于关系结构的轻量级工作流引擎,何清法,1108,2001年,,,
信息抽取研究综述,李保利,1860,2003年,,,
一种优化的协同过滤推荐算法,周军锋,794,2004年,,,
J2EE平台上MVC设计模式的研究与实现,陆荣幸,1999,2003年,,,
立体视觉匹配技术,徐奕,1042,2003年,,,
XML在异构数据集成中的应用研究,李军怀,961,2002年,,,
Globus Toolkit Version 4 : Software for Service-Oriented Systems,FOSTER,I.,3241,2005年,,
基于.NET的Web应用三层结构设计技术,胡迎松,1494,2003年,,,
Rough集及Rough推理,刘清著,2247,2001年,,,
多目标优化问题的研究概述,肖晓伟,859,2011年,,,
自适应变异的粒子群优化算法,阳春华,805,2008年,,,
遗传算法研究综述,葛继科,1213,2008年,,,
云计算环境下基于改进遗传算法的任务调度算法,李建锋,860,2011年,,,
有限元网格生成方法研究的新进展,关振群,804,2003年,,,
图像匹配研究进展,王红梅,1128,2004年,,,
大批量定制及其模型的研究,祁国宁,918,2000年,,,
运动目标跟踪算法研究综述,张娟,844,2009年,,,
《面向对象的系统分析》(第2版)的姊妹篇――面向对象的系统设计(第2版),邵维忠,796,2008年,,,
无线传感器网络Range-Free自身定位机制与算法,史龙,967,2004年,,,
访问控制模型研究综述,沈海波,887,2005年,,,
人脸识别理论研究进展,周激流,990,1999年,,,
一种增量贝叶斯分类模型,宫秀军,373,2002年,,,
网格计算技术,张玉强,1801,2004年,,,
MVC模型2及软件框架Struts的研究,何成万,1057,2002年,,,
电子商务个性化推荐研究,余力,801,2004年,,,
入侵检测技术研究综述,杨智君,870,2006年,,,
基于Arnold变换的数字图像置乱技术,丁玮,1191,2001年,,,
J2EE应用模型中MVC软件体系结构的研究与应用,袁梅冷,846,2003年,,,
云计算研究现状综述,李乔,1126,2011年,,,
基于Spring的MVC框架设计与实现,张宇,1017,2010年,,,
Web Services技术综述――一种面向服务的分布式计算模式,杨涛,929,2004年,,,
数学形态学在图像处理中的应用,王树文,1352,2004年,,,
基于多项式拟合算法的EMD端点问题的处理,刘慧婷,928,2004年,,,
Web挖掘研究,陈新中,874,2002年,,,
三角网格的参数化,彭群生,247,2004年,,,
人脸识别技术综述,何东风,889,2003年,,,
粒子群优化算法综述,王杰文,998,2009年,,,
基于ArcSDE的空间数据库技术的应用研究,熊丽华,797,2004年,,,
聚类算法研究,刘凤芹,1318,2012年,,,
基于统计背景模型的运动目标检测方法,林洪文,856,2003年,,,
GPRS无线网络在远程数据采集中的应用,赵亮,756,2005年,,,
虚拟企业合作伙伴评价体系及优化决策,郑文军,764,2000年,,,
清华大学综合教务系统在教务管理中的应用,宣华,875,2002年,,,
基于SOA体系结构的软件开发方法研究,魏东,761,2005年,,,
Android系统架构及应用程序开发研究,曾健平,859,2011年,,,
SOA综述,凌晓东,799,2007年,,,
基于FPGA的嵌入式系统设计,林华,1430,2008年,,,
基于CC2530及ZigBee协议栈设计无线网络传感器节点,章伟聪,831,2011年,,,
人脸自动识别方法综述,李刚,819,2003年,,,
基于工作流技术的OA系统模型,叶立新,868,2000年,,,
Android的架构与应用开发研究,姚昱F,986,2008年,,,
运动目标检测算法的探讨,万缨,1002,2006年,,,
基于MVC模式的应用软件开发框架研究,许鑫,351,2005年,,,
虚拟现实与系统仿真,韦有双,783,1999年,,,
无线传感器网络研究综述,陈丹,1047,2004年,,,
基于J2EE的MVC设计模式的分析与思考,田娟,776,2010年,,,
变精度粗糙集的属性核和最小属性约简算法,陈昊,188,2012年,,,
基于Android的移动终端应用程序开发与研究,公磊,824,2008年,,,
Wireshark环境下的网络协议解析与验证方法,罗青林,177,2011年,,,
MATLAB在数字信号处理中的应用,薛年喜,1084,2008年,,,
Reduction algorithms based on discernibility matrix: The ordered attributes method,J Wang,1219,2001年,,,
图像边缘检测方法研究,魏伟波,794,2006年,,,
一个面向服务的支持动态演化的软件模型,李长云,174,2006年,,,
Dynamic customer profile management,MF Guheen,1068,2003年,,,
用户多兴趣下的个性化推荐算法研究,余力,342,2004年,,,
Visual C++串口通信技术与工程实践,李现勇,987,2002年,,,
基于路段速度的信号交叉口运行评价方法,王路曼,0,2023年,,,
思想政治教育的现代方式――论网络思想政治教育建设,刘梅,879,2000年,,,
基于项目评分预测的协同过滤推荐算法,邓爱林,1386,2003年,,,
无线传感器网络密钥管理的方案和协议,苏忠,878,2007年,,,
强化学习研究综述,高阳,1125,2004年,,,
构造基于推荐的Peer-to-Peer环境下的Trust模型,窦文,924,2004年,,,
数据质量和数据清洗研究综述,郭志懋,929,2002年,,,
基于内容过滤的个性化搜索算法,曾春,973,2003年,,,
数字摄影测量学,张祖勋,2913,1997年,,,
三维数据场可视化(精),唐泽圣,2727,1999年,,,
现代外语教学的发展趋势和机辅外语教学,张红玲,1274,2000年,,,
电力系统暂态分析,李光琦,1974,2007年,,,
基于任务的访问控制模型,邓集波,778,2003年,,,
Computer Applications in Second Language Acquisition,T. Warren,1289,2001年,,,
基于HowNet的词汇语义倾向计算,朱嫣岚,870,2006年,,,
无线传感器网络研究进展,马宇丽,942,2016年,,,
无线传感器网络研究进展,李滟雯,942,2016年,,,
Petri网导论,吴哲辉,1397,2006年,,,
面向21世纪的嵌入式系统,吕京建,856,2001年,,,
网络管理协议及应用开发,岑贤道,1420,1998年,,,
属性基加密机制,苏金树,283,2011年,,,
粒子群优化算法综述,黄磊,817,2010年,,,
集散型控制系统的设计与应用 第十讲 集散型控制系统的网络通信技术,王常力,904,1994年,,,
虚拟现实与系统仿真,韦有双,783,1999年,,,
Android的架构与应用开发研究,范锋,754,2012年,,,
工作流管理技术基础:实现企业业务过程重组、过程管理与过程自动化的核心技术,范玉顺,985,2001年,,,
遗传算法研究综述,马永,867,2007年,,,
Ajax引擎的原理和应用,游丽贞,863,2006年,,,
入侵检测技术研究综述,杨群,蔡乐才,欧阳民子,陈艳,768,2008年
MCS-51/96系列单片机原理及应用(修订版),孙涵芳,903,1996年,,,
MCS-51系列单片机应用系统设计,何立民,2752,1990年,,,
三维数据场可视化,唐泽圣,1999,1999年,,,
三维数据场可视化,唐泽圣,2725,1999年,,,
CMOS VLSI Design: A Circuits and Systems Perspective,Weste, Neil H. E,2665,2005年,,
单片机原理及其接口技术,严洁,2648,2010年,,,
人工智能原理与方法,王永庆,2382,1998年,,,
数据采集与处理技术,马明建,2378,1998年,,,
Staging non-small cell lung cancer with whole-body PET.,M Edith,2340,1999年,,,
虚拟样机技术及其在ADAMS上的实践,王国强,2318,2002年,,,
无线传感器网络中的自身定位系统和算法,王福豹,2249,2005年,,,
图像边缘检测方法研究综述,段瑞玲,2206,2005年,,,
Rough集及Rough推理,刘清,2190,2001年,,,
The problem of functional localization in the human brain,M Brett,2165,2002年,,,
单片机应用技术选编(10),何立民,2142,2003年,,,
智能控制及其MATLAB实现,李国勇,2137,2005年,,,
临床超声影像学,李治安,2128,2003年,,,
Separating respiratory-variation-related fluctuations from neuronal-activity-related fluctuations in fMRI,RM Birn,2068,2006年,,,
Ten Commandments for Effective Clinical Decision Support: Making the Practice of Evidence-based Medicine a Reality,DW Bates,2041,2003年,,,
随机水文学,丁晶,2026,1984年,,,
美国知识产权法,李明德,2010,2003年,,,
Dissociable Contributions of Prefrontal and Parietal Cortices to Response Selection,Silvia A. Bunge a,1949,2002年,,,
OPNET网络仿真,陈敏,1922,2004年,,,
粗集理论及其应用,曾黄麟,1889,2001年,,,
MSP430系列16位超低功耗单片机原理与应用――TI MSP430大学计划教材,沈建华,1865,2004年,,,
跨文化交流学,关世杰,1861,1995年,,,
中文文本分类中特征抽取方法的比较研究,代六玲,1798,2004年,,,
Internetworking with TCP/IP,D Comer,1789,2002年,,,
Abdominal fat: standardized technique for measurement at CT.,T Yoshizumi,1782,1999年,,,
Incidence of Subarachnoid Hemorrhage Role of Region, Year, and Rate of Computed Tomography: A Meta-Analysis,FHH Linn,1754,1996年,
HLA仿真程序设计,周彦,1719,2002年,,,
输血技术手册,肖星甫,1698,1992年,,,
基于内容的视觉信息检索,章毓晋,2003,2003年,,,
社会符号学研究中的多模态化,胡壮麟,1667,2007年,,,
本体学习研究综述,杜小勇,1658,2006年,,,
E-CELL: software environment for whole-cell simulation.,M Tomita,1652,1999年,,,
无线传感器网络研究进展,丁洪伟,1648,2011年,,,
地理信息系统的基本技术与发展动态,吴信才,1644,1998年,,,
Decreased benzodiazepine receptor binding in prefrontal cortex in combat-related posttraumatic stress disorder.,JD Bremner,1629,2000年,,,
模式识别导论,沈清,1601,1991年,,,
螺旋 CT,周康荣,1590,1998年,,,
无线传感器网络综述,唐启涛,1583,2008年,,,
网络传播概论,彭兰,1580,2012年,,,
信息计量学(八),邱均平,1578,2001年,,,
高等应用数学问题的MATLAB求解,薛定宇,1576,2008年,,,
图像分割方法综述,杨晖,1572,2005年,,,
Increased activation in the right insula during risk-taking decision making is related to harm avoidance and neuroticism,MP Paulus,1572,2003年,,,
虚拟样机技术,熊光楞,1557,2001年,,,
土钉支护在基坑工程中的应用,陈肇元,2000,2000年,,,
随机规划与模糊规划,刘宝碇,1547,1998年,,,
高等电力网络分析,张伯明,1530,2007年,,,
数字水印技术及应用,孙圣和,1415,2004年,,,
桥梁结构的健康监测,秦权,1397,2000年,,,
LabVIEW7.1编程与虚拟仪器设计,侯国屏,1389,2005年,,,
Power System Analysis and Design,JD Glover,2008,2008年,,,
虚拟现实综述,赵沁平,1362,2009年,,,
应用模糊数学,汪培庄,1354,1989年,,,
试验设计与数据处理,李云雁,1349,2008年,,,
物流配送车辆优化调度理论与方法,李军,1341,2001年,,,
无线传感器网络综述,胡洪坡,1340,2011年,,,
MATLAB神经网络应用设计,张德丰,1340,2012年,,,
浅论软件技术发展,杨芙清,1180,2002年,,,
模糊逻辑控制技术及其应用,窦振中,1177,1995年,,,
Logic in Computer Science : Modelling and Reasoning About Systems,V Goranko,2006,2006年,,,
MATLAB辅助模糊系统设计,吴晓莉,1176,2002年,,,
中国学习者英语语料库,桂诗春,1175,2003年,,,
The detection of bone metastases in patients with high-risk prostate cancer: 99mTc-MDP Planar bone scintigraphy, single- and multi-f...,E Evensapir,1171,2006年,,
单片机应用程序设计技术,周航慈,1167,2002年,,,
水轮机调节,沈祖诒,1988,1988年,,,
The elusive concept of brain connectivity,B Horwitz,1164,2003年,,,
智能控制系统:模糊逻辑 专家系统 神经网络控制,王耀南,1164,1996年,,,
单片机高级教程,何立民,1132,2000年,,,
视觉跟踪技术综述,侯志强,1121,2006年,,,
新世纪电网调度自动化技术发展趋势,辛耀中,1118,2001年,,,
CAD/CAM技术,唐荣锡,1118,1994年,,,
GSM原理及其网络优化,韩斌杰,1113,2001年,,,
现代CAD技术,童秉枢,1112,2000年,,,
现代CAD技术,孟明辰...,1110,2000年,,,
翻译中的文化比较,王佐良,1104,1984年,,,
云计算及其关键技术,赵明阳,1093,2013年,,,
网络共和国:网络社会中的民主问题,凯斯・桑斯坦,1091,2003年,,,
Agent和多Agent系统的设计与应用,何炎祥,1089,2001年,,,
Visual Basic与RS-232串行通信控制,范逸之,1088,2002年,,,
AVR高速嵌入式单片机原理与应用,耿德根・・・,1081,2002年,,,
地质灾害灾情评估理论与实践,张梁,1081,1998年,,,
心理与教育测量,戴海崎,1071,1999年,,,
现代永磁电机:理论与设计 theory and design,唐任远,1070,2016年,,,
统计学习理论,VLADIMIR N.VAPNIK,1069,2004年,,,
网络安全概论,李涛,1067,2004年,,,
人脸识别技术综述,张翠平,1064,2000年,,,
容积式压缩机技术手册,李连生,1061,2000年,,,
网络安全概论,郑连清,1060,2004年,,,
AT89系列单片机原理与接口技术,王幸之 …,1058,2004年,,,
遥感数字图像处理,汤国安,1049,2004年,,,
AVR单片机C语言开发入门指导,沈文,1049,2003年,,,
图像工程(上册)――图像处理(第2版),章毓晋,1048,2006年,,,
现代数控机床,毕承恩,1041,1991年,,,
单片机嵌入式应用的在线开发方法,邵贝贝,1023,2004年,,,
EDA技术与VHDL,潘松,1018,2005年,,,
群智能算法及其应用,高尚,1018,2006年,,,
Visual Basic与RS-232串行通信控制最新版,范逸之,1014,2002年,,,
智能电网大数据处理技术现状与挑战,宋亚奇,1013,2013年,,,
C++ Builder与RS-232串行通信控制,范逸之,1010,2002年,,,
Visual features of intermediate complexity and their use in classification.,S Ullman,1008,2002年,,,
网络教育应用,武法提,1007,2003年,,,
中国炼油技术,侯祥麟,1007,2001年,,,
视频编码与低速率传输,沈兰荪..,998,2001年,,,
数字水印技术及应用,邢协永,997,2004年,,,
实用语音识别基础,王炳锡 ...,992,2005年,,,
多粒子群协同优化算法,李爱国,992,2004年,,,
工作流元模型的研究与应用,赵文,988,2003年,,,
Computer-assisted imaging to assess brain structure in healthy and diseased brains,J Ashburner,986,2003年,,,
信息安全综述,沈昌祥,982,2007年,,,
遗传模型分析方法,朱军,973,1997年,,,
基于机器学习的文本分类技术研究进展,苏金树,971,2006年,,,
高密度电法的发展与应用,董浩斌,971,2003年,,,
浅析B/S和C/S体系结构,李云云,970,2011年,,,
农业机械设计手册(上下)(精),中国农业机械化科学研究院,970,2007年,,,
互联网上的侵权问题研究,张新宝,970,2003年,,,
以软交换为核心的下一代网络技术,赵慧玲,970,2002年,,,
网络教育应用,王以宁,968,2003年,,,
Selected methods for imaging elastic properties of Biological tissues,JF Greenleaf,948,2003年,,,
图像质量评价方法研究进展,蒋刚毅,943,2010年,,,
无线传感器网络路由协议研究进展,唐勇,943,2006年,,,
传感器的理论与设计基础及其应用,单成祥,941,1999年,,,
油气成藏动力学及其研究进展,郝芳,940,2000年,,,
汉语自动分词研究评述,孙茂松,938,2001年,,,
现场总线CAN原理与应用技术:第2版,饶运涛,937,2007年,,,
Normalized accurate measurement of longitudinal brain change.,Smith,937,2001年,,,
单片机典型模块设计实例导航,求是科技,934,2004年,,,
数据采集系统的发展与应用,王琳,934,2004年,,,
汉语自动分词研究评述,孙茂松,938,2001年,,,
现场总线CAN原理与应用技术:第2版,饶运涛,937,2007年,,,
Normalized accurate measurement of longitudinal brain change.,Smith,937,2001年,,,
单片机典型模块设计实例导航,求是科技,934,2004年,,,
数据采集系统的发展与应用,王琳,934,2004年,,,
电力系统电磁暂态计算理论,多梅尔,930,1991年,,,
智能检测系统与数据融合,滕召胜,924,1900年,,,
单片机C语言编程与实例,赵亮,923,2003年,,,
公钥基础设施PKI与认证机构CA,关振胜,920,2002年,,,
面向MATLAB工具箱的神经网络理论与应用(第3版),丛爽,919,2003年,,,
网络安全原理与应用,张世永,901,2003年,,,
飞行实时仿真系统及技术,王行仁,899,1998年,,,
文本情感分析,赵妍妍,892,2010年,,,
情境学习与情境认知,高文,889,2001年,,,
神经-模糊和软计算,张智星,889,2000年,,,
电力设备状态检修技术研究综述,许婧,888,2005年,,,
手术室护理管理学,宋烽,2004,2004年,,,
配电自动化系统,刘健,885,2003年,,,
EASYPOP (Version 1.7): A Computer Program for Population Genetics Simulations,Balloux,885,2001年,,,
内部控制范畴定义探索,杨雄胜,882,2011年,,,
Workarounds to Barcode Medication Administration Systems: Their Occurrences, Causes, and Threats to Patient Safety,K Ross,877,2008年,
Computer-aided diagnosis in chest radiography: results of large-scale observer tests at the 1996-2001 RSNA scientific assemblies.,H Abe,874,2003年,,,
软件工程技术发展思索,杨芙清,872,2005年,,,
Noninvasive human brain stimulation.,T Wagner,871,2007年,,,
意义的多模态构建――对一次PPT演示竞赛的语篇分析,胡壮麟,869,2006年,,,
PDIUSBD12 USB固件编程与驱动开发,周立功,869,2003年,,,
生物医用材料导论,李世普,866,2000年,,,
Technology acceptance among physicians: a new take on TAM.,AK Yarbrough,862,2007年,,,
Cartography - Thematic Map Design,Borden D. Dent,1999,1999年,,,
uC/OS-Ⅱ:源码公开的实时嵌入式操作系统,拉伯罗斯著,856,2001年,,,
信息安全风险评估综述,冯登国,845,2004年,,,
SPSS统计应用实务:问卷分析与应用统计,吴明隆,837,2003年,,,
An introduction to the analysis of algorithms =,R Sedgewick,835,2006年,,,
Modal Decomposition of the Velocity Field near the Oregon Coast,PK Kundu,834,1975年,,,
分岔、混沌、奇怪吸引子、湍流及其它――关于确定论系统中的内在随机性,郝柏林,833,1983年,,,
网络入侵检测系统的设计与实现,章昱,831,2004年,,,
网络安全原理与技术,冯登国,827,2010年,,,
EZ-USB FX系列单片机――USB外围设备设计与应用,许永和,826,2002年,,,
灰色系统分析及实用计算程序,王学萌,825,2001年,,,
国际市场营销DSS分析与设计,姚钟华,825,1998年,,,
网络入侵检测系统的设计与实现,章昱,831,2004年,,,
网络安全原理与技术,冯登国,827,2010年,,,
EZ-USB FX系列单片机――USB外围设备设计与应用,许永和,826,2002年,,,
灰色系统分析及实用计算程序,王学萌,825,2001年,,,
国际市场营销DSS分析与设计,姚钟华,825,1998年,,,
单片机外围电路设计,沙占友,824,2006年,,,
图像分割方法综述,林瑶,822,2001年,,,
"A method for using blocked and event-related fMRI data to study ""resting state"" functional connectivity",DA Fair,820,2007年,,,
Efficient linearization of the augmented plane-wave method,GKH Madsen,818,2001年,,,
MATLAB程序设计与应用,肖伟,817,2005年,,,
移动机器人的发展现状及其趋势,徐国华,817,2001年,,,
信息技术教育与创新人才培养(下),南国农,817,2001年,,,
网络安全原理与技术(信息安全丛书),冯登国,813,2003年,,,
网格及网格化管理综述,郑士源,812,2005年,,,
Immediate Benefits Realized Following Implementation of Physician Order Entry at an Academic Medical Center,HS Mekhjian,812,2002年,,,
Fluorescence molecular imaging.,Ntziachristos,809,2006年,,,
网络工程师教程,雷震甲,808,2009年,,,
虚拟植物的研究进展,郭焱,805,2001年,,,
蚁群算法中参数α、β、ρ设置的研究――以TSP问题为例,叶志伟,804,2004年,,,
复杂适应系统及基于Agent的建模与仿真方法,廖守亿,804,2004年,,,
HyperMesh从入门到精通:附光盘,于开平 周传月,794,2005年,,,
溶胶-凝胶原理与技术,黄剑锋,793,2005年,,,
地理信息系统的基本技术与发展动态,吴信才,793,1998年,,,
网络入侵检测原理与技术,蒋建春,792,2001年,,,
The impact of electronic health records on time efficiency of physicians and nurses: a systematic review.,L Poissant,790,2005年,,,
Web安全中的信任管理研究与进展,徐锋,788,2002年,,,
市场化改革对我国经济运行的影响,卢中原,786,1993年,,,
18F-FDG PET in characterizing adrenal lesions detected on CT or MRI.,MJ Yun,783,2001年,,,
MaxSub: an automated measure for the assessment of protein structure prediction quality,S Naomi,782,2000年,,,
一种服务聚合中QoS全局最优服务动态选择算法,刘书雷,781,2007年,,,
Web安全中的信任管理研究与进展,徐锋,788,2002年,,,
市场化改革对我国经济运行的影响,卢中原,786,1993年,,,
18F-FDG PET in characterizing adrenal lesions detected on CT or MRI.,MJ Yun,783,2001年,,,
MaxSub: an automated measure for the assessment of protein structure prediction quality,S Naomi,782,2000年,,,
一种服务聚合中QoS全局最优服务动态选择算法,刘书雷,781,2007年,,,
网络入侵检测原理与技术,胡昌振,780,2006年,,,
单片机应用系统设计与实践,陈粤初,780,1991年,,,
新编传感器技术手册,李科杰,779,2002年,,,
Chronic rhinosinusitis: Allergy and sinus computed tomography relationships,IA Emanuel,779,2000年,,,
基于新型神经网络的电网故障诊断方法,毕天姝,778,2002年,,,
数据仓库与数据挖掘技术,彭小宁,776,2002年,,,
视觉计算理论,马,776,1988年,,,
基于FPGA的嵌入式系统设计,张改莲,774,2011年,,,
USB大全,阿克塞尔森,774,2001年,,,
USB大全,JanAxelson,774,2001年,,,
中国地方性砷中毒分布调查(总报告),金银龙,772,2003年,,,
Virtual reality exposure therapy for Vietnam veterans with posttraumatic stress disorder.,Barbara Olasov Rothbaum,772,2001年,,,
多功能室外智能移动机器人实验平台――THMR―V,张朋飞,769,2002年,,,
虚拟现实的技术及其应用,曾建超,768,1996年,,,
Dual time point 18F-FDG PET for the evaluation of pulmonary nodules.,A Matthies,762,2002年,,,
思维导图及其在英语教学中的应用,陈敏,761,2005年,,,
Homotopy Analysis Method in Nonlinear Differential Equations,S Liao,755,2012年,,,
Research Priorities for Conservation Biology,ME Soulé,1989,1989年,,,
多媒体教育应用的重大意义及发展趋势,何克抗,753,1997年,,,
Deep venous thrombosis with suspected pulmonary embolism: detection with combined CT venography and pulmonary angiography.,PA Loud,746,2001年,,,
CT诊断与鉴别诊断,卢光明,674,1999年,,,
药品生产验证指南.2003,白慧良,605,2003年,,,
图像分割方法综述,石静,596,2012年,,,
现代节水农业技术研究进展与发展趋势,许迪,574,2002年,,,
燃煤锅炉燃烧试验技术与方法,孙学信,568,2002年,,,
现代化学镀镍和复合镀新技术,闫洪,446,1999年,,,
虚拟现实技术与应用,黄心渊,390,1999年,,,
Jelonek属性约简算法的一个改进,叶东毅,370,2000年,,,
信息化教学模式:理论建构与实践例说,钟志贤,2005,2005年,,,
Validation of a Monte Carlo dose calculation tool for radiotherapy treatment planning,JS Li,345,2000年,,,
通用神经网络硬件中神经元基本数学模型的讨论,王守觉,309,2001年,,,
系统辨识(1):辨识导引,丁锋,299,2011年,,,
电子技术基础实验教学改革的探索与实践,王立欣,292,2002年,,,
护士对生活护理认识现状的研究,丁炎明,272,2005年,,,
地形可视化,王永明,271,2000年,,,
PIC单片机原理与接口技术,陈国先,236,2004年,,,
如何完善我校教考分离制度,张文平,230,1999年,,,
建筑设计协同工作模型设计与实践,高佐人,221,2004年,,,
基于同义词的词汇情感倾向判别方法,王素格,201,2009年,,,
瞬变电磁法的探测深度问题,闫述,193,2009年,,,
一种脱离桌面的指套式微型鼠标,祝栋,2022,2022年,,,
一种特种设备人工智能检验检测方法,石瑾,2022,2022年,,,
具有空间涵盖约束的协作神经网络,X・R・王,2022,2022年,,,
一种域名处理方法和装置,赵军,2021,2021年,,,
在计算机课程教学中开展项目教学法的研究,王栋松,833,2005年,,,
外语教学心理学,朱纯,5070,1994年,,,
组织管理心理学,Daniel Katz,578,1983年,,,
积极心理学研究综述――心理学研究的一个新思潮,崔丽娟,873,2005年,,,
体育运动心理学,马启伟,1998,1998年,,,
积极心理学介绍,周嵌,576,2006年,,,
当代锻炼心理学研究,姒刚彦,474,2000年,,,
心理学视野中的幸福,苗元江,2003,2003年,,,
心理学大词典,朱智贤,4062,1989年,,,
艺术与视知觉:视觉艺术心理学,阿恩海姆,4046,1984年,,,
体育运动心理学,马启伟,3386,1998年,,,
高等教育心理学(修订版),伍新春,2406,1999年,,,
情感教学心理学,卢家楣,2168,2000年,,,
情感教学心理学.2版,卢家楣,2139,2000年,,,
情感教学心理学-第2版,卢家楣,2036,2000年,,,
学与教的心理学,刘启珍,1476,2011年,,,
心理学大辞典(上下)(精),林崇德 杨治良 黄希庭,1605,2003年,,,
阅读心理学,张必隐,1731,1992年,,,
心理学视野中的幸福,苗元江,2003,2003年,,,
Positive Psychology:A New Trend in Psychology积极心理学:一种新的研究方向,Li Jinzhen,621,2003年,,,
高等教育心理学,冯维,1001,2006年,,,
积极心理学:一种新的研究方向,李金珍,919,2003年,,,
当代锻炼心理学研究,姒刚彦,474,2000年,,,
情绪心理学,孟昭兰,2005,2005年,,,
体育运动心理学,马启伟,3386,1998年,,,
体育运动心理学研究进展,张力为,2990,2000年,,,
外语教育心理学,贾冠杰,2729,2003年,,,
声乐艺术心理学,邹长海,2196,2000年,,,
学与教的心理学.第4版,皮连生,1809,2006年,,,
心理学大辞典,林崇德,1667,2003年,,,
心理学研究方法,王重鸣,1748,2000年,,,
心理学大辞典,林崇德,1667,2003年,,,
心理学研究方法,王重鸣,1748,2000年,,,
心理学大辞典.下册,林崇德,1533,2003年,,,
阅读心理学,张必隐,1731,1992年,,,
儿童发展心理学.2版,刘金花,1584,1997年,,,
心理学视野中的幸福―幸福感理论与测评研究,苗元江,513,2003年,,,
认同理论:社会学与心理学的分析路径,周晓虹,723,2008年,,,
建构主义研究的哲学与心理学基础,高文,742,2001年,,,
学与教的心理学.第5版,皮连生,1037,2009年,,,
记忆心理学.第2版,杨治良,1293,1999年,,,
建构主义研究的哲学与心理学基础,高文,742,2001年,,,
学与教的心理学.第5版,皮连生,1037,2009年,,,
记忆心理学.第2版,杨治良,1293,1999年,,,
高等教育心理学,姚本先,1147,2005年,,,
具身认知:认知心理学的新取向,叶浩生,469,2010年,,,
认知教学心理学,吴庆麟,1244,2000年,,,
人本主义心理学,车文博,2003,2003年,,,
智育心理学,皮连生,1210,1996年,,,
课堂教育心理学,林格伦,1304,1983年,,,
西方心理学史,车文博,1093,1998年,,,
设计艺术心理学,柳沙,893,2006年,,,
互联网心理学,PATRICIAWALLACE,981,2001年,,,
眼动心理学的理论、技术及应用研究,邓铸,577,2005年,,,
互联网心理学,华莱士,974,2001年,,,
美国积极心理学介评,张倩,567,2003年,,,
互联网心理学,Wallace,973,2001年,,,
学与教的心理学,曹成刚,742,2010年,,,
高等教育心理学,蔡太生,2010,2010年,,,
教科书插图的认知心理学研究,宋振韶,681,2005年,,,
教学心理学,周丹丹,934,1993年,,,
教科书插图的认知心理学研究,宋振韶,681,2005年,,,
教学心理学,周丹丹,934,1993年,,,
大学生手机成瘾症的心理学探析,韩登亮,556,2005年,,,
高等教育心理学,湖南省教育厅组,755,2007年,,,
高等教育心理学,辽宁省高等学校师资培训中心组,755,2007年,,,
青少年发展心理学,张文新,844,2002年,,,
学校教育心理学,金河岩,730,2008年,,,
高等教育心理学,虞国庆,725,2008年,,,
高等教育心理学,张文新,725,2008年,,,
高等教育心理学,张晓明,724,2008年,,,
教育科学与儿童心理学,皮亚杰,841,1982年,,,
医学心理学教程,吴均林,716,2001年,,,
荣格心理学入门:新知文库,霍尔,817,1987年,,,
现代心理学,石凤妍,775,1994年,,,
情绪心理学,斯托曼K.T,1986,1986年,,,
当代西方心理学新词典,车文博,709,2001年,,,
高等教育心理学,林金霞,535,2011年,,,
医用心理学,袁耿清,706,2001年,,,
语言心理学,彭聃龄,782,1991年,,,
个性心理学,高玉祥,790,1989年,,,
语言心理学,彭聃龄,782,1991年,,,
个性心理学,高玉祥,790,1989年,,,
当代心理学的新进展,郭本禹,658,2003年,,,
环境心理学,文先勤,759,1989年,,,
普通心理学,张积家,631,2004年,,,
第三思潮:马斯洛心理学,戈布尔著,741,1987年,,,
现代心理学史,杜・舒尔茨,1981,1981年,,,
高中生心理学,郑和钧,706,1993年,,,
创造力心理学,俞国良,682,1996年,,,
儿童发展心理学,李丹,731,1987年,,,
基于人工神经网络的风电功率预测,范高锋,1254,2008年
基于神经网络的元胞自动机及模拟复杂土地利用系统,黎夏,911,2005年
神经网络系统理论,焦李成,6653,1990年
基于神经网络的单元自动机CA及真实和忧化的城市模拟,黎夏,729,2002年
位移反分析的进化神经网络方法研究,冯夏庭,942,1999年
基于新型神经网络的电网故障诊断方法,毕天姝,778,2002年
人工神经网络与模拟进化计算,阎平凡,5516,1900年
神经网络与模糊控制,张乃尧,3379,1998年
神经网络设计,Martin T. Hagan,2947,2002年
神经网络设计,MartinT.Hagan,2947,2002年
神经网络模型及其MATLAB仿真程序设计,周开利,3211,2005年
神经网络理论与MATLAB 7实现,飞思科技产品研发中心,2716,2005年
一种基于人工神经网络的谐波测量方法,王群,502,1999年
基于人工神经网络方法的上市公司经营失败预警研究,刘洪,341,2004年
神经网络设计,哈根,2776,2002年
神经网络原理,SIMONHAYKIN,2438,2004年
神经网络原理,海金,2436,2004年
人工神经网络与模拟进化计算(第2版),阎平凡,2059,2005年
神经网络应用技术,胡守仁,2285,1993年
MATLAB神经网络应用设计,张德丰,1340,2012年
基于肤色模型、神经网络和人脸结构模型的平面旋转人脸检测,张洪明,561,2002年
神经网络与神经计算机:第二讲 神经网络的学习算法,庄镇泉,967,1990年
神经网络与神经计算机:第一讲 神经网络模型,庄镇泉,962,1990年
基于人工神经网络的风电功率短期预测系统,范高锋,461,2008年
遗传算法与神经网络的结合,李敏强,615,1999年
基于主成分分析和神经网络的近红外光谱苹果品种鉴别方法研究,何勇,416,2006年
神经网络与神经计算机,庄镇泉,878,1992年
神经网络与神经计算机 第三讲 神经器件,王东生,728,1990年
神经网络与神经计算机:第五讲 光神经计算机,王东生,850,1990年
神经网络与神经计算机:第六讲 神经网络在视觉信息处理中的应用,王煦法,847,1990年
神经网络与神经计算机:第八讲神经网络在机器人控制中的应用,王煦法,843,1990年
《人工神经网络理论、设计及应用》――神经细胞、神经网络和神经系统,韩力群,1769,2005年
神经网络算法在机器人眼手系统中的应用,胡德文,458,1991年
MATLAB神经网络仿真与应用,闻新,2719,2003年
基于神经网络的智能诊断,虞和济,2031,2000年
人工神经网络原理及仿真实例,高隽,2601,2003年
MATLAB神经网络应用设计,闻新,2721,2000年
有教师的线性基本函数前向三层神经网络结构研究,高大启,532,1998年
神经网络原理,Simon Haykin,2463,2004年
基于神经网络集成的多视角人脸识别,周志华,304,2001年
基于粒子群优化的神经网络训练算法研究,高海兵,689,2004年
人工神经网络研究现状及其展望,朱大奇,1065,2004年
基于人工神经网络的大型电厂锅炉飞灰含碳量建模,周昊,343,2002年
基于BP神经网络的上市公司财务预警模型,杨淑娥,613,2005年
深度卷积神经网络在计算机视觉中的应用研究综述,卢宏涛,386,2016年
有教师的线性基本函数前向三层神经网络结构研究,高大启,1240,1997年
模型参数误差对用神经网络进行结构损伤识别的影响,王柏生,331,2000年
具有二重趋势性的季节型电力负荷预测组合优化灰色神经网络模型,牛东晓,339,2002年
神经网络极速学习方法研究,邓万宇,270,2010年
神经网络导论,胡守仁,2500,1993年
图像理解中的卷积神经网络,常亮,252,2016年
基于神经网络技术的复杂框架结构节点损伤的两步诊断法,瞿伟廉,302,2003年
基于递归模糊神经网络的感应电机无速度传感器矢量控制,王耀南,305,2004年
基于MATLAB的BP神经网络预测系统的设计,李萍,481,2008年
基于神经网络的开关磁阻电机无位置传感器控制,夏长亮,283,2005年
基于核函数的SVM机与三层前向神经网络的关系,张铃,255,2002年
神经网络与应用,董长虹,1781,2005年
基于RBF神经网络的无刷直流电机无位置传感器控制,夏长亮,324,2002年
基于小波分解和人工神经网络的短期负荷预测,徐军华,299,2004年
基于RBF神经网络的电网可靠性评估模型研究,吴开贵,292,2000年
人工神经网络实用教程,杨建刚,1729,2001年
基于FFT和神经网络的非整数次谐波检测方法,向东阳,382,2005年
新型RBF神经网络及在热工过程建模中的应用,刘志远,289,2002年
人工神经网络模型在地学研究中的应用进展,李双成,377,2003年
天气敏感型神经网络在地区电网短期负荷预测中的应用,贺蓉,358,2001年
基于神经网络的负荷组合预测模型研究,谢开贵,252,2002年
神经网络的应用与实现,焦李成,1746,1993年
面向MATLAB工具箱的神经网络理论与应用,丛爽,1314,2009年
人工神经网络原理及应用,朱大奇 史慧,1382,2006年
混沌神经网络负荷建模的理论研究,姚建刚,247,2002年
神经网络计算,焦李成,1649,1993年
人工神经网络理论、设计及应用:人工神经细胞、人工神经网络和人工神经系统,韩力群,1475,2002年
基于小波―BP神经网络的短期风电功率预测方法,师洪涛,296,2011年
基于小波神经网络和故障录波数据的电网故障类型识别,杨光亮,259,2006年
基于模糊优选和神经网络的企业财务危机预警,周敏,285,2002年
区域水资源可持续利用评价的人工神经网络模型,宋松柏,320,2004年
基于混沌学习算法的神经网络短期负荷预测,丁军威,274,2000年
基于模糊神经网络的永磁同步电动机矢量控制系统,曹先庆,285,2006年
Neural network design =:神经网络设计,Hagan,1382,2002年
基于函数正交基展开的过程神经网络学习算法,许少华,270,2004年
MATLAB6.5辅助神经网络分析与设计,飞思科技产品研发中心,1312,2003年
基于人工神经网络的商业银行信用风险模型,章忠志,314,2003年
基于神经网络的PMSM速度和位置自适应观测器的设计,李鸿儒,258,2002年
人工神经网络及其应用,文传源,584,1997年
人工神经网络的模型及其应用,张立明,1392,1993年
近红外光谱测定茶叶中茶多酚和茶多糖的人工神经网络模型研究,罗一帆,413,2005年
神经网络设计,黑根,1238,2002年
虫草氨基酸的人工神经网络-近红外光谱快速测定方法,赵琛,237,2004年
论基于MATLAB语言的BP神经网络的改进算法,苏高利,559,2003年
人工神经网络理论、设计及应用,韩力群,1211,2002年
一种基于奇异值特征的神经网络人脸识别新途径,甘俊英,283,2004年
基于蚁群算法的多层前馈神经网络,洪炳熔,351,2003年
智能控制系统:模糊逻辑 专家系统 神经网络控制,王耀南,1164,1996年
边坡岩体稳定性的人工神经网络预测模型,陈昌彦,462,2001年
化学中的人工神经网络法,许禄,313,2000年
RBF神经网络理论及其在控制中的应用,王旭东,449,1997年
一种基于脉冲耦合神经网络和图像熵的自动图像分割方法,马义德,400,2002年
基于模糊神经网络的企业财务危机非线性组合预测方法研究,李秉祥,269,2005年
神经网络控制,徐丽娜,836,2009年
一种模板匹配和神经网络的车牌字符识别方法,王敏,431,2001年
模糊理论和神经网络的基础与应用,赵振宇,1072,1996年
前向神经网络隐含层节点数的一种优化算法,夏克文,447,2005年
MATLAB神经网络30个案例分析,MATLAB中文论坛,797,2010年
BP人工神经网络自适应学习算法的建立及其应用,李晓峰,313,2004年
人工神经网络算法研究及应用,杨源杰,914,2002年
人工神经网络与盲信号处理,杨行峻,965,2003年
基于人工神经网络的集成预报方法研究和比较,金龙,268,1999年
神经网络控制技术及其应用,何玉彬,992,2000年
小波分析与神经网络结合的研究进展,陈哲,384,2000年
Matlab神经网络与应用,董长虹,858,2007年
面向MATLAB工具箱的神经网络理论与应用(第3版),丛爽,919,2003年
人工神经网络的发展及应用,毛健,461,2011年
用径向基函数神经网络模型预报感潮河段洪水位,黄国如,263,2003年
神经网络在预测中的一些应用研究,刘豹,253,1999年
用BP神经网络预测股票市场涨跌,吴微,541,2001年
BP神经网络模型在地下水水质评价中的应用,倪深海,410,2000年
灰色-神经网络模型在滑坡变形预测中的应用,吴益平,269,2007年
改进粒子群算法优化BP神经网络的短时交通流预测,李松,314,2012年
土壤环境质量评价的径向基函数神经网络的模型设计与应用,胡焱弟,267,2006年
人工神经网络BP算法的改进及其应用,李晓峰,570,2000年
人工神经网络导论,蒋宗礼,837,2001年
基于MATLAB的系统分析与设计:神经网络,楼顺天,869,1998年
SOM神经网络算法的研究与进展,杨占华,262,2006年
基于MATLAB的系统分析与设计.3,神经网络,楼顺天,863,1998年
神经网络模型在非线性位移反分析中的应用,李立新,273,1997年
盾构施工扰动与地层移动及其智能神经网络预测,孙钧,2001,2001年
基于BP神经网络的企业技术创新能力评价及应用研究,夏维力,316,2005年
神经网络理论与应用,徐秉铮,869,1994年
商业银行信贷风险分析的人工神经网络模型研究,郝丽萍,338,2001年
神经网络及其在工程中的应用,张际先,832,1996年
BP神经网络权值初始值与收敛性问题研究,杨伟,295,2002年
前馈神经网络中的反向传播算法及其改进:进展与展望,刘曙光,296,1996年
人工神经网络教程,韩力群,686,2006年
基于人工神经网络的商业银行贷款风险预警研究,杨保安,249,2001年
利用模态试验参数识别结构损伤的神经网络法,陆秋海,300,1999年
基于多元判别分析和神经网络技术的公司财务困境预警,张玲,271,2005年
深基坑工程变形预报神经网络法的初步研究,孙海涛,307,1998年
基于遗传算法的人工神经网络,李伟超,255,2006年
基于神经网络最优组合预测方法的应用研究,张青,253,2001年
BP神经网络的改进及其应用,张文鸽,328,2003年
神经网络模式识别及其实现,潘蒂,719,1999年
神经网络模式识别及其实现,潘迪,719,1999年
企业技术创新能力的神经网络检验分析,周毓萍,277,2000年
人工神经网络技术及应用,陈祥光,667,2003年
基于BP神经网络的产品成本预测,胥悦红,274,2000年
BP神经网络应用中的前后处理过程研究,陈小前,340,2002年
多层前向人工神经网络,赵林明,687,1999年
人工神经网络在多源遥感影像分类中的应用,贾永红,292,2000年
MATLAB神经网络应用设计,傅荟璇,528,2010年
人工神经网络导论,张青贵,623,2004年
人工神经网络导论,张青贵,2004,2004年
人工神经网络技术及其应用,王洪元,645,2002年
神经网络的泛化理论和泛化方法,魏海坤,313,2001年
神经网络在图像处理中的应用,许锋,394,2003年
基于神经网络的结构优化与损伤检测,姜绍飞,627,2002年
基于粗糙集的神经网络建模方法研究,黎明,251,2002年
神经网络及其在系统识别应用中的逼近问题,陈天平,295,1994年
模糊逻辑与神经网络,刘增良,675,1996年
模糊逻辑与神经网络-理论研究与探索MO HU LUO JI YU SHEN JING WANG LAO-LI LUN YAN JIU YU TANSUO,刘增良,675,1996年
模糊逻辑与神经网络:理论研究与探索,刘增良,671,1996年
RBF神经网络的函数逼近能力及其算法,柴杰,382,2002年
通用神经网络硬件中神经元基本数学模型的讨论,王守觉,309,2001年
基于混沌和神经网络的弱信号探测,何建华,350,1998年
神经网络控制系统的研究与展望,周其节,257,1992年
基于BP神经网络PID参数自整定的研究,廖芳芳,378,2005年
神经网络原理及其应用,程相君,636,1995年
基于Levenberg―Marquardt算法的神经网络监督控制,赵弘,319,2002年
基于RBF神经网络的网络安全态势预测方法,任伟,246,2006年
基于改进BP神经网络的预测模型及其应用,王钰,443,2005年
遗传算法优化BP神经网络的短时交通流混沌预测,李松,249,2011年
