user_id,user_identity,user_name
10,教授,谭浩阔
11,学生,龚文滨
12,教授,赖阳嘉
13,学生,何英华
14,教授,任经业
15,学生,钟飞航
16,教授,赵博延
17,老师,贺飞星
18,学生,金炫明
19,老师,魏景山
20,学生,孔雨泽
21,学生,胡乐和
22,老师,乔经赋
23,学生,吕向文
24,学生,易宇寰
25,学生,毛和蔼
26,教授,金懿轩
27,老师,彭飞翰
28,学生,方乐水
29,教授,叶睿范
30,学生,魏浩
31,老师,康鹏程
32,学生,林鹏赋
33,老师,蔡明珠
34,教授,万开宇
35,学生,龙坚壁
36,学生,万飞虎
37,老师,陈鸿风
38,教授,胡宏才
39,教授,贺阳成
40,学生,常宜民
41,学生,范玉轩
42,老师,魏元忠
43,老师,方元凯
44,教授,顾承允
45,教授,钱阳荣
46,教授,常项明
47,学生,林正真
48,老师,赵阳焱
49,教授,金温文
50,教授,陈雅惠
51,老师,蔡向荣
52,教授,郑飞鸾
53,学生,崔雨泽
54,学生,张天佑
55,学生,廖阳羽
56,老师,陆兴德
57,老师,石兴旺
58,老师,何康盛
59,学生,胡宏伯
60,学生,毛乐意
61,老师,唐伟彦
62,教授,石元良
63,老师,熊良策
64,老师,叶翰学
65,教授,许博实
66,教授,江飞尘
67,学生,胡德华
68,学生,曾建业
69,教授,宋智明
70,老师,钱弘大
71,老师,戴奇致
72,教授,潘凯泽
73,学生,谭和煦
74,学生,金弘致
75,老师,魏同方
76,学生,杜彬郁
77,教授,阎泰鸿
78,学生,高浦泽
79,学生,姜飞尘
80,教授,蔡翰翮
81,学生,何乐贤
82,学生,江健柏
83,学生,石承允
84,学生,许天瑞
85,教授,易弘懿
86,老师,易逸明
87,教授,萧金鑫
88,学生,郑曾琪
89,老师,徐俊誉
90,学生,邵鸿运
91,老师,蔡烨烁
92,学生,段涵煦
93,学生,吴开霁
94,学生,汤嘉树
95,老师,薛康复
96,学生,邵良奥
97,教授,胡荣轩
98,教授,吴修雅
99,学生,薛俊发
100,学生,谢泽宇
101,教授,孔鹏翼
102,学生,范和顺
103,老师,蔡琪睿
104,老师,武涵蓄
105,老师,程弘光
106,老师,段高爽
107,教授,姚德华
108,老师,冯璞瑜
109,教授,周高达
110,学生,蒋昊天
111,教授,汤良朋
112,学生,吴康适
113,老师,乔玉堂
114,教授,段和硕
115,学生,范承悦
116,教授,赖元洲
117,学生,毛鹏池
118,老师,贾飞鹏
119,学生,袁嘉勋
120,老师,叶昊穹
121,学生,顾文彦
122,学生,易经艺
123,学生,郝嘉佑
124,老师,卢永望
125,学生,吕宇文
126,学生,张宏博
127,教授,万阳晖
128,学生,康俊明
129,教授,萧奇胜
130,老师,江力学
131,学生,江浩歌
132,学生,董蕴藉
133,老师,蒋坚诚
134,学生,易安邦
135,学生,易文耀
136,教授,黎嘉谊
137,教授,孔锐达
138,老师,乔玉韵
139,教授,黄意智
140,老师,卢鹏鲲
141,教授,蒋季同
142,学生,陈德运
143,教授,廖康安
144,老师,许兴怀
145,学生,漕建同
146,教授,郝宏浚
147,教授,任明亮
148,老师,郭高超
149,学生,马德海
150,学生,杜鸿博
151,老师,田建德
152,老师,傅建柏
153,学生,乔阳夏
154,教授,郝康成
155,学生,毛华彩
156,教授,易飞鹏
157,学生,蒋康复
158,老师,毛明亮
159,教授,徐俊楚
160,学生,贾峻熙
161,学生,陆昊英
162,学生,傅安易
163,教授,董嘉茂
164,教授,程康健
165,学生,胡志勇
166,老师,董高杰
167,学生,曹奇致
168,老师,漕高o
169,学生,武新荣
170,学生,尹兴德
171,学生,马翔飞
172,教授,常炫明
173,老师,胡俊发
174,老师,夏宏恺
175,学生,武俊智
176,教授,贾博赡
177,教授,萧睿聪
178,教授,秦温瑜
179,老师,唐浩荡
180,学生,邵曾琪
181,学生,方和璧
182,教授,汪文斌
183,学生,汪温瑜
184,学生,姚俊拔
185,学生,赵英奕
186,学生,汤经武
187,学生,周永春
188,学生,宋欣怿
189,教授,韩涵衍
190,教授,范明轩
191,老师,杨元忠
192,老师,胡阳文
193,学生,韩和裕
194,教授,康飞龙
195,老师,常建修
196,学生,宋英锐
197,教授,贾博超
198,老师,康冠宇
199,学生,夏华皓
200,学生,漕修能
201,老师,漕华灿
202,学生,罗和歌
203,学生,黄高寒
204,教授,郭昊穹
205,教授,王安宁
206,教授,吴承基
207,教授,郭鹏云
208,教授,谢建本
209,老师,谢德容
210,学生,任建修
211,学生,康安民
212,学生,汤凯凯
213,学生,江飞语
214,学生,文翰学
215,老师,范兴国
216,老师,蔡英勋
217,教授,漕嘉平
218,教授,冯伟懋
219,学生,金蕴和
220,老师,彭建华
221,教授,段修齐
222,学生,赖奇迈
223,学生,高蕴涵
224,学生,程鸿畅
225,教授,陈安和
226,学生,金阳荣
227,学生,曹玉龙
228,教授,江博延
229,教授,高毅然
230,教授,尹彭魄
231,学生,邱阳曦
232,学生,孔自怡
233,教授,侯英韶
234,学生,陈蕴和
235,教授,许博易
236,老师,白永言
237,教授,何和志
238,教授,魏乐容
239,教授,蔡建茗
240,学生,任阳曦
241,教授,杜奇伟
242,学生,龚学真
243,学生,邓乐咏
244,教授,钟文成
245,老师,范锐锋
246,老师,丁高飞
247,老师,邓景山
248,学生,田阳炎
249,教授,顾奇文
250,老师,宋凯凯
251,老师,陆兴昌
252,老师,曹嘉年
253,老师,罗俊名
254,教授,刘天和
255,老师,蒋文华
256,教授,熊项明
257,教授,邹理群
258,教授,钟飞光
259,老师,文嘉茂
260,教授,崔曾燕
261,学生,阎八雪
262,老师,潘静雅
263,学生,程田然
264,教授,郝忆南
265,老师,邹滇萍
266,学生,顾琬凝
267,老师,任友卉
268,教授,宋立婷
269,教授,陈乐萱
270,教授,侯紫杉
271,学生,黄雨莲
272,教授,魏江雪
273,教授,蔡叶嘉
274,教授,宋娴雅
275,学生,曹欣跃
276,老师,何梓琬
277,教授,秦颐和
278,学生,张妍芳
279,学生,蒋夜春
280,教授,杨卓婷
281,学生,崔芳蕤
282,老师,萧凝荷
283,教授,龙欣艳
284,老师,郝尤莲
285,老师,苏雅懿
286,老师,阎昭懿
287,教授,袁尔容
288,教授,郭雪环
289,学生,秦海露
290,学生,潘韫玉
291,教授,韩冰冰
292,学生,郭灵慧
293,教授,程怜梦
294,学生,文光芳
295,教授,易清逸
296,教授,吴青木
297,教授,夏瑶岑
298,学生,龙晓绿
299,学生,方天蓝
300,老师,谭晴照
301,教授,任平绿
302,教授,丁芷卉
303,教授,郑怜雪
304,教授,孔格菲
305,学生,邓凝雨
306,学生,任锐洁
307,教授,阎白曼
308,学生,郑子怀
309,学生,余今雨
310,老师,汤睿敏
311,老师,邓白安
312,学生,郑熙熙
313,学生,许雨竹
314,教授,石玮奇
315,学生,傅舒扬
316,老师,潘远悦
317,教授,邹紫萍
318,老师,许星菱
319,学生,汤荷珠
320,学生,范源源
321,学生,乔新芳
322,学生,侯如之
323,学生,邱映梦
324,老师,郝品怡
325,老师,于飞风
326,老师,黎情文
327,学生,赵朗丽
328,老师,薛向珊
329,教授,吕映菡
330,学生,宋泽惠
331,学生,金曼安
332,学生,孟恨竹
333,学生,史乐松
334,学生,金雅宁
335,学生,尹沙羽
336,教授,蒋怜容
337,学生,郑天巧
338,老师,邵惠丽
339,老师,于熙熙
340,老师,苏晏静
341,学生,罗连英
342,教授,郭智菱
343,老师,阎傲蕾
344,老师,万元英
345,学生,常叶舞
346,学生,何畅畅
347,教授,傅雅香
348,教授,方韶美
349,学生,范艳霞
350,学生,李炎琳
351,学生,汪亚玲
352,教授,段胜红
353,教授,文谷冬
354,学生,侯英莉
355,老师,孔蕙兰
356,学生,许含双
357,教授,张冰海
358,学生,黎彤云
359,教授,江含娇
360,教授,余千琴
361,学生,廖佩玉
362,学生,胡夏月
363,教授,郭昕妍
364,老师,张茹雪
365,学生,赵水晶
366,教授,尹听枫
367,教授,易孤丝
368,学生,郑牧歌
369,学生,蒋柔静
370,学生,史含文
371,老师,吕忻欢
372,老师,汤灵阳
373,学生,段荇怡
374,学生,孙常红
375,教授,史怀蕊
376,教授,钱绿兰
377,学生,朱迎蕾
378,老师,孟令红
379,老师,曹芳芳
380,老师,漕孤丹
381,学生,梁秀雅
382,老师,孔梦丽
383,老师,汤清润
384,学生,于秀妮
385,学生,宋隽巧
386,教授,徐曼荷
387,老师,马丁辰
388,老师,易展文
389,教授,杨冬梅
390,学生,秦甫文
391,教授,金荷珠
392,教授,武杏儿
393,教授,邱馨荣
394,学生,余浩文
395,学生,姚轶丽
396,学生,戴妍茜
397,教授,乔倚云
398,教授,谭庄静
399,学生,傅夜蕾
400,教授,梁如凡
401,学生,孟博敏
402,学生,许凌晓
403,老师,史初雪
404,教授,吕秀杰
405,教授,周清淑
406,学生,梁惜寒
407,老师,郝@井
408,老师,戴丽英
409,老师,易妙珍
410,老师,李婉娜
411,教授,郭晓巧
412,学生,崔怜寒
413,教授,郭顺美
414,教授,蔡清茹
415,学生,马涵菡
416,教授,田家美
417,教授,孟尔雅
418,教授,郝楼兰
419,老师,万望雅
420,学生,沈以云
421,学生,张寄真
422,老师,杨新梅
423,教授,龙婉静
424,教授,于妙菱
425,学生,赵春柏
426,学生,黎林楠
427,学生,卢暖瞳
428,学生,郭秋翠
429,老师,易芮静
430,学生,尹初丹
431,老师,夏梓童
432,教授,黄水琼
433,学生,周碧菡
434,教授,钱贞婉
435,学生,薛七锦
436,学生,梁雁凡
437,老师,彭杨柳
438,老师,常夜春
439,老师,徐怡金
440,学生,毛桃花
441,学生,石千兰
442,老师,秦小琴
443,教授,阎楚楚
444,老师,孙曼蔓
445,学生,康正平
446,学生,石芸欣
447,学生,常娴静
448,学生,江璞玉
449,教授,唐清忧
450,老师,林欣玉
451,学生,潘睿琳
452,学生,余婉娜
453,教授,梁家馨
454,老师,董痴灵
455,学生,陈韶华
456,老师,蒋妙婧
457,学生,沈映雪
458,学生,方玟丽
459,老师,王琦巧
460,教授,邹洋然
461,老师,董青蓉
462,学生,康心远
463,学生,毛笑旋
464,老师,陈春雨
465,学生,王倩丽
466,老师,许知慧
467,学生,武千青
468,教授,陈石英
469,教授,段叶舞
470,教授,郭寻芳
471,教授,赖舒方
472,教授,陈姗婷
473,学生,高雁易
474,老师,贾问雁
475,老师,尹刖颖
476,学生,姜金枝
477,学生,崔之双
478,学生,汪谷梦
479,教授,潘莺韵
480,老师,沈博敏
481,学生,袁和怡
482,学生,易晓昕
483,教授,陈萦思
484,教授,邱思嘉
485,学生,叶佳文
486,老师,许施诗
487,学生,蒋彤云
488,学生,汪惠琴
489,老师,秦以亦
490,学生,姚秀艳
491,学生,万小霜
492,教授,毛曼青
493,学生,梁依婷
494,老师,胡平彤
495,老师,薛佳莉
496,教授,傅欣彤
497,老师,卢柔怀
498,教授,余英华
499,教授,程茹云
500,教授,石翠彤
501,老师,邹赞悦
502,教授,余舒怀
503,学生,姜柔静
504,学生,萧隽洁
505,教授,周寻菱
506,老师,黎佳美
507,教授,常奚瑶
508,老师,钟宝琳
509,教授,杜亦玉
